word,freq
adapt ,15
although ,15
approach ,15
booking. ,15
career ,15
collaboration ,15
component ,15
contribute ,15
dedicate ,15
descriptive ,15
discussion ,15
distance ,15
enthusiasm ,15
guide ,15
indicated ,15
javascript ,15
lesson ,15
login ,15
necessary ,15
obtain ,15
packet ,15
pay ,15
preparation ,15
relate ,15
ronald ,15
site ,15
solomon ,15
tracer ,15
already ,16
around ,16
card ,16
consistently ,16
content ,16
continued ,16
course ,16
creation ,16
dependable ,16
ethic ,16
francis ,16
impress ,16
innocent ,16
interested ,16
jinja ,16
output ,16
place ,16
pressure ,16
punctual ,16
registration ,16
remotely ,16
request ,16
role ,16
save ,16
simulation ,16
source ,16
trouble ,16
university ,16
virtual ,16
wordpress. ,16
arrive ,17
attribute ,17
banker ,17
become ,17
boot ,17
collaborative ,17
consult ,17
control ,17
delete ,17
dhcp ,17
feedback ,17
guru ,17
image ,17
insert ,17
interaction ,17
joan ,17
jovan ,17
kenneth ,17
may ,17
orient ,17
others ,17
personal ,17
query ,17
rebecca ,17
satisfied ,17
structure ,17
terminate ,17
thus ,17
to. ,17
willingness ,17
common ,18
davis ,18
deadline ,18
deployment ,18
engagement ,18
final ,18
form ,18
high ,18
last ,18
mention ,18
open ,18
physical ,18
player ,18
practically ,18
product ,18
shall ,18
studio ,18
together ,18
tour ,18
ui ,18
base ,19
django ,19
easy ,19
email ,19
entitle ,19
former ,19
functionality ,19
important ,19
impressive ,19
individual ,19
join ,19
key ,19
link ,19
live ,19
money ,19
offer ,19
outstanding ,19
password ,19
patricia ,19
pick ,19
prove ,19
purpose ,19
receive ,19
responsive ,19
select ,19
short ,19
social ,19
visualization ,19
want ,19
weekly ,19
whenever ,19
begin ,20
boost ,20
completion ,20
conduct ,20
dashboard ,20
dynamic ,20
ensure ,20
fully ,20
i'm ,20
introduction ,20
laravel ,20
leadership ,20
mysqli ,20
package ,20
quite ,20
ready ,20
really ,20
repository ,20
resty ,20
sprint ,20
submit ,20
timothy ,20
advise ,21
brian ,21
certificate ,21
commendable ,21
confident ,21
cs ,21
difficult ,21
easily ,21
expose ,21
extra ,21
gain ,21
hosting ,21
include ,21
later ,21
mariam ,21
plot ,21
prepare ,21
setup ,21
something ,21
stack ,21
stay ,21
successful ,21
throughout ,21
two ,21
understood ,21
whatever ,21
wordpress ,21
zone ,21
afew ,22
andrew ,22
another ,22
back ,22
back-end ,22
class ,22
convert ,22
discuss ,22
exercise ,22
expectation ,22
fellow ,22
framework ,22
function ,22
graphic ,22
grasp ,22
love ,22
passionate ,22
possible ,22
presentation ,22
programming ,22
seem ,22
sm ,22
timely ,22
appreciate ,23
could ,23
coworkers ,23
dataset ,23
documented ,23
emergencies. ,23
even ,23
except ,23
hardworking ,23
place. ,23
quality ,23
quickly ,23
resolve ,23
supervision. ,23
writes ,23
absence ,24
apply ,24
connectivity ,24
csv ,24
emmanuel ,24
future ,24
happy ,24
intermediary ,24
ip ,24
leader ,24
result ,24
samuel ,24
script ,24
takes ,24
unscheduled ,24
usually ,24
visit ,24
yet ,24
anyone ,25
believe ,25
directory ,25
display ,25
excel ,25
general ,25
git ,25
little ,25
mark ,25
master ,25
php-mysql ,25
regard ,25
rout ,25
satisfaction ,25
ssl ,25
step ,25
supervision ,25
ussd ,25
website. ,25
would ,25
abide ,26
abit ,26
ahead ,26
etc ,26
gradually ,26
level ,26
limited ,26
alex ,27
case ,27
collins ,27
correspondence ,27
desire ,27
dns ,27
familiar ,27
guidance ,27
module ,27
point ,27
room ,27
self ,27
sufficient ,27
overall ,28
python ,28
within ,28
available ,29
eager ,29
hard ,29
html ,29
initiative ,29
involve ,29
many ,29
mr ,29
ubuntu ,29
almost ,30
api ,30
bit ,30
clear ,30
commend ,30
constant ,30
coworkers. ,30
diligence ,30
everything ,30
ict ,30
identify ,30
integration ,30
language ,30
learning ,30
maintains ,30
number ,30
office ,30
vlans ,30
address ,31
adjust ,31
experience ,31
home ,31
integrate ,31
meet ,31
payment ,31
period ,31
professional ,31
attentive ,32
challenges. ,32
commitment ,32
difficulty ,32
exceedingly ,32
field ,32
flutter ,32
hardware ,32
idea ,32
push ,32
slow ,32
spirit ,32
wireless ,32
domain ,33
enable ,33
feature ,33
move ,33
note ,33
otherwise ,33
power ,33
protocol ,33
upgrade ,33
asks ,34
day ,34
interest ,34
month ,34
supervisor ,34
sure ,34
table ,34
technical ,34
adita ,35
customer ,35
instruction ,35
order ,35
window ,35
documentation ,36
perform ,36
schedule ,36
secure ,36
semester ,36
sign ,36
thanks ,36
commit ,37
implementation ,37
impressed ,37
multi ,37
participate ,37
regardless ,37
spend ,37
though ,37
deal ,38
find ,38
graph ,38
interact ,38
proper ,38
question ,38
apk ,39
building ,39
exhibit ,39
face ,39
inquisitive ,39
understanding ,39
windows ,39
campus ,40
client ,40
equipment ,40
local ,40
ministry ,40
miss ,40
provide ,40
solve ,40
active ,41
group ,41
learnt ,41
multitasking ,41
operating ,41
person ,41
requirement ,41
staff ,41
catch ,42
department ,42
follow ,42
improvement ,42
joshua ,42
laptop ,42
maintenance ,42
meeting ,42
mysql ,42
sql ,42
the ,42
update ,42
embark ,43
has ,43
hope ,43
information ,43
file ,44
legacy ,44
less ,44
wish ,44
add ,45
atara ,45
attend ,45
configuration ,45
debug ,45
much ,45
she ,45
term ,45
due ,46
fix ,46
cpanel ,47
instal ,47
interface ,47
process ,47
service ,47
simple ,47
area ,48
bite ,48
document ,48
manipulation ,48
administration ,49
attitude ,49
execute ,49
github ,49
quick ,49
colleague ,50
free ,50
operate ,50
printer ,50
thank ,50
way ,50
analysis ,51
installation ,51
school ,51
communication ,52
especially ,52
lot ,52
repair ,52
security ,52
coding ,53
troubleshoot ,53
attendance ,54
connect ,54
expect ,54
real ,54
scratch ,54
tool ,54
try ,54
attention ,55
effort ,55
load ,55
promise ,55
willing ,55
fast ,56
put ,56
towards ,56
ability ,57
host ,57
however ,57
router ,57
develop ,58
platform ,58
solution ,58
thing ,58
enviroment ,59
focus ,59
accomplish ,60
ask ,60
deliver ,60
learner ,60
movement ,60
train ,60
change ,61
install ,61
performance ,61
test ,61
cable ,62
excellent ,62
positive ,62
see ,62
activity ,63
engage ,63
hand ,63
maintain ,63
business ,64
early ,64
switch ,64
build ,65
far ,65
online ,65
transport ,65
machine ,66
trainer ,66
demonstrate ,67
error ,67
run ,67
read ,68
introduce ,69
networking ,71
part ,71
support ,71
access ,73
company ,73
message ,73
one ,73
program ,73
competence ,75
delivery ,75
deploy ,75
implement ,75
model ,75
record ,75
issue ,76
technology ,76
look ,77
still ,77
please ,78
know ,79
job ,80
forward ,81
require ,81
different ,83
lan ,83
resource ,83
user ,83
review ,84
relationship ,85
basic ,86
come ,87
equip ,87
main ,87
member ,87
research ,87
plan ,89
handle ,90
show ,90
connection ,91
continue ,94
io ,96
layer ,96
session ,96
developer ,97
page ,97
help ,99
cisco ,101
linux ,104
remote ,104
concept ,105
share ,105
ease ,107
incase ,109
since ,109
problem ,111
code ,112
contact ,112
best ,113
computer ,114
understand ,114
pc ,117
environment ,118
he's ,122
lead ,122
assignment ,124
like ,126
improve ,127
training ,129
command ,132
create ,132
hands-on ,134
php ,136
he ,137
practical ,137
next ,140
first ,141
management ,141
give ,142
knowledge ,147
take ,147
web ,150
intern ,152
perfect ,152
assign ,153
internet ,153
application ,157
without ,157
software ,164
design ,166
despite ,168
database ,170
#NAME?,171
configure ,172
finish ,175
keep ,175
need ,175
always ,176
stratcom ,177
practice ,179
present ,183
write ,185
explain ,190
mobile ,193
website ,194
suppose ,195
get ,202
great ,203
development ,208
start ,220
make ,223
do ,229
go ,231
cod ,235
device ,235
progressive ,237
project ,239
detail ,240
data ,244
able ,248
report ,278
acquire ,292
progress ,295
network ,298
set ,300
server ,302
app ,315
student ,343
end ,353
manage ,359
week's ,373
team ,377
new ,392
system ,393
time ,423
also ,449
learn ,478
week ,548
Grand Total,37996
